-- MySQL dump 10.13  Distrib 5.7.17, for Win64 (x86_64)
--
-- Host: localhost    Database: ventsystemspring
-- ------------------------------------------------------
-- Server version	5.7.19-log

/*!40101 SET @OLD_CHARACTER_SET_CLIENT=@@CHARACTER_SET_CLIENT */;
/*!40101 SET @OLD_CHARACTER_SET_RESULTS=@@CHARACTER_SET_RESULTS */;
/*!40101 SET @OLD_COLLATION_CONNECTION=@@COLLATION_CONNECTION */;
/*!40101 SET NAMES utf8 */;
/*!40103 SET @OLD_TIME_ZONE=@@TIME_ZONE */;
/*!40103 SET TIME_ZONE='+00:00' */;
/*!40014 SET @OLD_UNIQUE_CHECKS=@@UNIQUE_CHECKS, UNIQUE_CHECKS=0 */;
/*!40014 SET @OLD_FOREIGN_KEY_CHECKS=@@FOREIGN_KEY_CHECKS, FOREIGN_KEY_CHECKS=0 */;
/*!40101 SET @OLD_SQL_MODE=@@SQL_MODE, SQL_MODE='NO_AUTO_VALUE_ON_ZERO' */;
/*!40111 SET @OLD_SQL_NOTES=@@SQL_NOTES, SQL_NOTES=0 */;

--
-- Table structure for table `almacenes`
--

DROP TABLE IF EXISTS `almacenes`;
/*!40101 SET @saved_cs_client     = @@character_set_client */;
/*!40101 SET character_set_client = utf8 */;
CREATE TABLE `almacenes` (
  `id_almacen` int(4) NOT NULL AUTO_INCREMENT,
  `id_sucursales` int(4) DEFAULT NULL,
  `descripcion` varchar(200) DEFAULT NULL,
  `cod_facturacion` varchar(100) DEFAULT NULL,
  `fecha_creacion` datetime DEFAULT NULL,
  `usuario_creacion` int(11) DEFAULT NULL,
  `fecha_modificacion` datetime DEFAULT NULL,
  `usuario_modificacion` int(11) DEFAULT NULL,
  `estado` int(1) DEFAULT NULL,
  PRIMARY KEY (`id_almacen`)
) ENGINE=InnoDB AUTO_INCREMENT=6 DEFAULT CHARSET=utf8;
/*!40101 SET character_set_client = @saved_cs_client */;

--
-- Dumping data for table `almacenes`
--

LOCK TABLES `almacenes` WRITE;
/*!40000 ALTER TABLE `almacenes` DISABLE KEYS */;
INSERT INTO `almacenes` VALUES (1,1,'ALMACEN AV.HUANUCO ','123','2018-11-04 00:00:00',1,'2018-11-04 00:00:00',1,1),(2,2,'ALMACEN PARACAS','2123','2018-11-04 00:00:00',1,'2018-11-04 00:00:00',1,1),(3,2,'ALM CHINCHA','123','2020-11-17 12:00:00',1,'2020-11-17 12:00:00',1,1),(4,1,'ALM CHEPEN','2234w009dsadasdas22222','2020-11-17 12:08:00',1,'2020-11-17 04:26:00',1,1),(5,1,'ALM FERRENAFE','AU-83774','2020-11-17 04:34:00',1,'2020-11-17 04:34:00',1,1);
/*!40000 ALTER TABLE `almacenes` ENABLE KEYS */;
UNLOCK TABLES;

--
-- Table structure for table `clientes`
--

DROP TABLE IF EXISTS `clientes`;
/*!40101 SET @saved_cs_client     = @@character_set_client */;
/*!40101 SET character_set_client = utf8 */;
CREATE TABLE `clientes` (
  `id_clientes` int(11) unsigned zerofill NOT NULL AUTO_INCREMENT,
  `id_tipo_documento` int(11) DEFAULT NULL,
  `num_documento` varchar(30) DEFAULT NULL,
  `nombre` varchar(100) DEFAULT NULL,
  `apaterno` varchar(45) DEFAULT NULL,
  `amaterno` varchar(45) DEFAULT NULL,
  `direccion` varchar(150) DEFAULT NULL,
  `telefono` varchar(15) DEFAULT NULL,
  `celular` varchar(15) DEFAULT NULL,
  `correo` varchar(100) DEFAULT NULL,
  `fecha_creacion` datetime DEFAULT NULL,
  `usuario_creacion` int(11) DEFAULT NULL,
  `fecha_modificacion` datetime DEFAULT NULL,
  `usuario_modificacion` int(11) DEFAULT NULL,
  `estado` int(1) DEFAULT NULL,
  PRIMARY KEY (`id_clientes`)
) ENGINE=InnoDB AUTO_INCREMENT=28 DEFAULT CHARSET=utf8;
/*!40101 SET character_set_client = @saved_cs_client */;

--
-- Dumping data for table `clientes`
--

LOCK TABLES `clientes` WRITE;
/*!40000 ALTER TABLE `clientes` DISABLE KEYS */;
INSERT INTO `clientes` VALUES (00000000001,1,'45483321','JAN','QUIROZ','SANCHEZ','JR. SALAVERRY 345 DPTO 203 MAGDALENA DEL MAR LIMA','532421112','984676184','JANQUIROZS@GMAIL.COM','2018-10-03 20:01:00',1,'2019-05-01 11:49:00',9,1),(00000000002,2,'10084452594','SUPERMERCADOS SAC','','','JR. RICARDO PALMA 3945 LIMA','528487','990837832','INFORMES@SUPERMCERCADOS.COM','2018-11-03 20:01:00',1,'2019-05-01 11:49:00',9,1),(00000000003,1,'12345678','VAREA CONSULTING','','','AV. GARZON 433 LIMA','5','6','7','2018-03-19 10:07:06',2,'2018-03-19 10:07:06',2,1),(00000000004,1,'45483322','JOSEPH','QUIROZ','SANCHEZ','JR. ARNALDO MARQUEZ 848 JESUS MARIA -LIMA','5683223','987657372','ME@JOSEPHQUIROZ.COM','2018-03-19 10:08:45',2,'2018-03-19 10:08:45',2,1),(00000000005,2,'12345678911','AVICOLA LOS CABITOS SA','','','JR. ANDRES AVELINO CACERES 453 EL AGUSTINO LIMA','43222334A','990982344B','INFORMES@AVICOLALOSCABITOS.COM','2018-03-19 10:15:19',2,'2018-04-09 11:47:13',2,1),(00000000006,1,'12312312','CONSORCIO Y ABOGADOS PERU','','','4','5','6','7','2018-03-20 01:58:33',1,'2018-03-20 01:58:33',1,1),(00000000007,1,'223123','RODRIGO','VILLAREAL','3','4','5','6','7','2018-03-20 02:00:23',1,'2018-03-20 02:00:23',1,1),(00000000008,1,'11312','ROLANDO','MENDOZA','3','4','5','6','7','2018-03-20 02:03:15',1,'2018-03-20 02:03:15',1,1),(00000000009,2,'123123','POLLERIA ROCKYS','','','4','5','6','7','2018-03-20 02:04:08',1,'2018-03-20 02:04:08',1,1),(00000000010,1,'123123','ERNESTO','VILCHEZ','3','4','5','6','7','2018-03-20 02:04:58',1,'2018-06-14 04:57:00',1,1),(00000000011,2,'123','RUBEN','ARTEAGA','','2','3','4','5','2018-03-20 05:17:08',2,'2018-06-14 04:57:00',1,1),(00000000012,1,'45483322','JAVIER','SOLORZANO','GAMARRA','JR. ANDAHUAYLAS 367 CERCADO LIMA','','87488228','','2018-03-21 10:06:58',2,'2018-04-04 09:43:00',2,1),(00000000013,1,'45483321','ORLANDO JAVIER','GONGORA','BACALLA','JR. LOS CEDROS DE VIÑA 367 LAMBAYEQUE CHICLAYO','5692023','998388744','OGONGORA45@GMAIL.COM','2018-04-05 03:02:00',2,'2018-04-05 03:02:00',2,1),(00000000014,2,'23412455333','COSORCIO Y ASOCIADOS BARRERA S.A','','','JR. TAHUANTINSUYO 2309 SAN MIGUEL - LIMA','460837849','998937284','INFORMES@CONSOSRCIOASOCIADOSBARRERA.COM.PE','2018-04-05 03:04:00',2,'2018-04-05 03:04:00',2,1),(00000000015,1,'45483326','RENZO','SCHULLER','SANTILLAN','JR. LOS RISCOS 223 LINCE LIMA','','','','2018-04-05 09:50:00',2,'2018-04-05 09:50:00',2,1),(00000000016,2,'20523800061','NESINPER S.R.L.','','','CALLE INTISUYO 777','4263131','987987987','HOLIS@NESINPER.COM','2018-04-05 09:57:00',1,'2018-04-05 09:57:00',1,1),(00000000017,1,'45223344','CARLOS','CERQUERA','DOMINGUEZ','JR. NICOLAS DE PIEROLA 676 CHORRILLOS','','','','2018-04-06 02:17:00',2,'2018-04-06 02:17:00',2,1),(00000000018,2,'33424422232','VAREA & ASOCIADOS','','','JR. LOS TREBOLES 453 RIMAC LIMA','88374822','','VAREA@VAREAASOCIADOS.COM.PE','2018-04-06 03:56:00',2,'2018-04-06 03:57:00',2,1),(00000000019,2,'20438279339','POLLERIOSAN NICOLAS  S.A','','','AV. BENAVIDES 1034 MIRAFLORES LIMA','','','','2018-04-09 04:15:00',2,'2018-04-09 04:15:00',2,1),(00000000020,2,'20423838849','POLLERIA POLLINOS S.A','','','CARR. PANAMERICANA NORTE 1023 LIMA','','','','2018-04-09 04:15:38',2,'2018-04-09 04:15:38',2,1),(00000000021,1,'00000000000','CLIENTES VARIOS','','','SIN DIRECCION','','','','2018-04-12 03:29:00',2,'2018-04-12 03:29:00',2,1),(00000000022,1,'42073866','ERICK','ZARATE','VELASQUEZ','JR. RENZO REGIARDO 994 MIRAFLORES LIMA','9849993','','','2018-04-13 05:19:00',2,'2018-06-14 03:17:00',1,1),(00000000023,2,'56778888888','EMIRATOS ARABES UNIDOS SAC','','','JR. MARIANO NECOCHEA 894 RIMAC LIMA','6554455','99076677','INFORME@EMIRATOS.COM.PE','2018-06-13 11:18:00',1,'2019-04-23 11:49:00',1,1),(00000000024,2,'20531343949','INVERSIONES ORO BLANCO SAC.','','','JR. CARLOS IZAGUIRRE 1223 LOS OLIVOS LIMA','042-52-3984','985676223','INFORMES@INVERSIONESORONEGRO.COM.PE','2018-06-13 11:20:00',1,'2018-06-13 11:20:00',1,1),(00000000025,1,'45483321','JULIO','VERNÉ','DOMINGUEZ','JR. MANCO INCA 332 PUEBLO LIBRE LIMA','456893933','9846736243','JVERNE12@GMAIL.COM','2019-04-22 05:42:00',1,'2019-04-23 12:39:00',9,0),(00000000026,1,'45483321','JULIO333','VERNÉS','DOMINGUEZA','JR. MANCO INCA 332 PUEBLO LIBRE LIMA2','456893933','9846736243','JVERNE1222@GMAIL.COM','2019-04-22 05:50:00',1,'2019-04-23 09:50:00',1,0),(00000000027,2,'1045483321','INVERSIONES PALO ALTO2 SAC','','','JR. SALAVERRY 435 MAGDALENA','984676184','984676184','INFORMES@INVERSIONESPALOALTO.COM','2020-08-24 01:37:00',1,'2020-08-24 01:38:00',1,1);
/*!40000 ALTER TABLE `clientes` ENABLE KEYS */;
UNLOCK TABLES;

--
-- Table structure for table `compras`
--

DROP TABLE IF EXISTS `compras`;
/*!40101 SET @saved_cs_client     = @@character_set_client */;
/*!40101 SET character_set_client = utf8 */;
CREATE TABLE `compras` (
  `id_compras` int(11) unsigned zerofill NOT NULL AUTO_INCREMENT,
  `id_proveedores` int(11) unsigned zerofill DEFAULT NULL,
  `fecha_real` datetime DEFAULT NULL,
  `fecha_comprobante` datetime DEFAULT NULL,
  `estado_compra` varchar(45) DEFAULT NULL,
  `id_tipo_comprobante` int(2) DEFAULT NULL,
  `serie` int(4) unsigned zerofill DEFAULT NULL,
  `numero` int(8) unsigned zerofill DEFAULT NULL,
  `sub_total` decimal(10,2) DEFAULT NULL,
  `igv` decimal(10,2) DEFAULT NULL,
  `total` decimal(10,2) DEFAULT NULL,
  `id_moneda` int(2) DEFAULT NULL,
  `fecha_creacion` datetime DEFAULT NULL,
  `usuario_creacion` int(11) DEFAULT NULL,
  `fecha_modificacion` datetime DEFAULT NULL,
  `usuario_modificacion` int(11) DEFAULT NULL,
  `estado` int(1) DEFAULT NULL,
  `id_almacen` int(11) DEFAULT NULL,
  `id_sucursal` int(11) DEFAULT NULL,
  PRIMARY KEY (`id_compras`)
) ENGINE=InnoDB AUTO_INCREMENT=11 DEFAULT CHARSET=utf8;
/*!40101 SET character_set_client = @saved_cs_client */;

--
-- Dumping data for table `compras`
--

LOCK TABLES `compras` WRITE;
/*!40000 ALTER TABLE `compras` DISABLE KEYS */;
INSERT INTO `compras` VALUES (00000000002,00000000003,'2020-11-20 12:40:00','2020-11-20 12:00:00','RECEPCIONADO',NULL,0001,00000234,131.20,28.80,160.00,NULL,'2020-11-20 12:40:00',1,'2020-11-20 12:40:00',1,1,2,2),(00000000003,00000000003,'2020-11-20 12:51:00','2020-11-20 12:00:00','RECEPCIONADO',NULL,0001,00000235,541.20,118.80,660.00,NULL,'2020-11-20 12:51:00',1,'2020-11-20 12:51:00',1,1,2,2),(00000000004,00000000003,'2020-11-20 12:55:00','2020-11-20 12:00:00','RECEPCIONADO',NULL,0001,00000235,410.00,90.00,500.00,NULL,'2020-11-20 12:55:00',1,'2020-11-20 12:55:00',1,1,2,2),(00000000005,00000000003,'2020-11-24 08:34:00','2020-11-24 12:00:00','ANULADO',NULL,0001,00000111,9.84,2.16,12.00,NULL,'2020-11-24 08:34:00',1,'2020-11-24 08:34:00',1,1,2,2),(00000000006,00000000003,'2020-11-24 10:32:00','2020-11-24 12:00:00','RECEPCIONADO',NULL,0001,00001007,428.86,94.14,523.00,NULL,'2020-11-24 10:32:00',1,'2020-11-24 10:32:00',1,1,2,2),(00000000007,00000000001,'2021-04-12 06:38:00','2021-04-12 12:00:00','RECEPCIONADO',NULL,0002,02888399,1337.15,293.52,1630.67,NULL,'2021-04-12 06:38:00',1,'2021-04-12 06:38:00',1,1,2,2),(00000000008,00000000003,'2021-04-25 08:22:00','2021-04-25 12:00:00','ANULADO',NULL,0001,00001003,820.00,180.00,1000.00,NULL,'2021-04-25 08:22:00',21,'2021-04-25 08:22:00',21,1,2,2),(00000000009,00000000003,'2021-04-25 08:22:00','2021-04-25 12:00:00','ANULADO',NULL,0001,00001003,131.20,28.80,160.00,NULL,'2021-04-25 08:22:00',21,'2021-04-25 08:22:00',21,1,3,2),(00000000010,00000000003,'2021-06-30 08:28:00','2021-06-30 12:00:00','ANULADO',NULL,0001,00001008,348.50,76.50,425.00,NULL,'2021-06-30 08:28:00',1,'2021-06-30 08:28:00',1,1,5,2);
/*!40000 ALTER TABLE `compras` ENABLE KEYS */;
UNLOCK TABLES;

--
-- Table structure for table `compras_lines`
--

DROP TABLE IF EXISTS `compras_lines`;
/*!40101 SET @saved_cs_client     = @@character_set_client */;
/*!40101 SET character_set_client = utf8 */;
CREATE TABLE `compras_lines` (
  `idcompras_lines` int(11) unsigned zerofill NOT NULL AUTO_INCREMENT,
  `id_compras` int(11) unsigned zerofill DEFAULT NULL,
  `id_producto` int(11) unsigned zerofill DEFAULT NULL,
  `servicio` varchar(200) DEFAULT NULL,
  `cantidad` int(5) DEFAULT NULL,
  `precio` decimal(10,2) DEFAULT NULL,
  `sub_importe` decimal(10,2) DEFAULT NULL,
  PRIMARY KEY (`idcompras_lines`)
) ENGINE=InnoDB AUTO_INCREMENT=14 DEFAULT CHARSET=utf8;
/*!40101 SET character_set_client = @saved_cs_client */;

--
-- Dumping data for table `compras_lines`
--

LOCK TABLES `compras_lines` WRITE;
/*!40000 ALTER TABLE `compras_lines` DISABLE KEYS */;
INSERT INTO `compras_lines` VALUES (00000000001,00000000002,00000000021,NULL,1,160.00,160.00),(00000000002,00000000003,00000000021,NULL,1,160.00,160.00),(00000000003,00000000003,00000000025,NULL,1,500.00,500.00),(00000000004,00000000004,00000000025,NULL,1,500.00,500.00),(00000000005,00000000005,00000000019,NULL,1,12.00,12.00),(00000000006,00000000006,00000000024,NULL,1,23.00,23.00),(00000000007,00000000006,00000000025,NULL,1,500.00,500.00),(00000000008,00000000007,00000000007,NULL,1,130.00,130.00),(00000000009,00000000007,00000000002,NULL,1,1500.67,1500.67),(00000000010,00000000008,00000000025,NULL,2,500.00,1000.00),(00000000011,00000000009,00000000021,NULL,1,160.00,160.00),(00000000012,00000000010,00000000029,NULL,5,65.00,325.00),(00000000013,00000000010,00000000030,NULL,10,10.00,100.00);
/*!40000 ALTER TABLE `compras_lines` ENABLE KEYS */;
UNLOCK TABLES;

--
-- Table structure for table `empresa`
--

DROP TABLE IF EXISTS `empresa`;
/*!40101 SET @saved_cs_client     = @@character_set_client */;
/*!40101 SET character_set_client = utf8 */;
CREATE TABLE `empresa` (
  `id_empresa` int(3) NOT NULL AUTO_INCREMENT,
  `nombre_emp` varchar(300) DEFAULT NULL,
  `ruc` varchar(20) DEFAULT NULL,
  `direccion` varchar(300) DEFAULT NULL,
  PRIMARY KEY (`id_empresa`)
) ENGINE=InnoDB AUTO_INCREMENT=2 DEFAULT CHARSET=utf8;
/*!40101 SET character_set_client = @saved_cs_client */;

--
-- Dumping data for table `empresa`
--

LOCK TABLES `empresa` WRITE;
/*!40000 ALTER TABLE `empresa` DISABLE KEYS */;
INSERT INTO `empresa` VALUES (1,'NEGOCIOS Y SERVICIOS EMPRESARIALES S.A.','10254832215','Av. Del Pinar 201 - Surco - Lima');
/*!40000 ALTER TABLE `empresa` ENABLE KEYS */;
UNLOCK TABLES;

--
-- Table structure for table `lineas`
--

DROP TABLE IF EXISTS `lineas`;
/*!40101 SET @saved_cs_client     = @@character_set_client */;
/*!40101 SET character_set_client = utf8 */;
CREATE TABLE `lineas` (
  `id_lineas` int(4) NOT NULL AUTO_INCREMENT,
  `descripcion` varchar(100) DEFAULT NULL,
  `fecha_creacion` datetime DEFAULT NULL,
  `usuario_creacion` int(11) DEFAULT NULL,
  `fecha_modificacion` datetime DEFAULT NULL,
  `usuario_modificacion` int(11) DEFAULT NULL,
  `estado` int(1) DEFAULT NULL,
  PRIMARY KEY (`id_lineas`)
) ENGINE=InnoDB AUTO_INCREMENT=12 DEFAULT CHARSET=utf8;
/*!40101 SET character_set_client = @saved_cs_client */;

--
-- Dumping data for table `lineas`
--

LOCK TABLES `lineas` WRITE;
/*!40000 ALTER TABLE `lineas` DISABLE KEYS */;
INSERT INTO `lineas` VALUES (1,'LLANTAS','2018-11-04 00:00:00',1,'2018-11-04 00:00:00',1,1),(2,'GUARNICIONES','2018-11-04 00:00:00',1,'2018-11-04 00:00:00',1,1),(3,'BEBIDAS','2018-11-04 00:00:00',1,'2018-11-04 00:00:00',1,1),(4,'CONSTRUCCION','2018-04-12 03:24:00',2,'2018-04-12 03:24:00',2,1),(5,'ARTICULOS DE OFICINA','2018-04-12 03:26:00',2,'2018-04-12 03:26:00',2,1),(6,'MARISCOS','2018-04-13 05:23:00',2,'2018-04-13 05:23:00',2,1),(7,'NUEVA CATGER2','2018-06-18 07:24:00',1,'2018-06-18 07:32:00',1,1),(8,'Linea2','2019-08-11 10:31:00',1,'2019-08-11 10:31:00',1,1),(9,'LINEA2','2019-08-11 10:47:00',1,'2019-08-11 10:47:00',1,0),(10,'LINEA23ASDADADDDDDDSA','2019-08-11 10:56:00',1,'2019-08-11 11:00:00',9,1),(11,'TELEVISORES','2020-08-24 01:39:00',1,'2020-08-24 01:39:00',1,1);
/*!40000 ALTER TABLE `lineas` ENABLE KEYS */;
UNLOCK TABLES;

--
-- Table structure for table `marcas`
--

DROP TABLE IF EXISTS `marcas`;
/*!40101 SET @saved_cs_client     = @@character_set_client */;
/*!40101 SET character_set_client = utf8 */;
CREATE TABLE `marcas` (
  `id_marcas` int(4) NOT NULL AUTO_INCREMENT,
  `descripcion` varchar(200) DEFAULT NULL,
  `fecha_creacion` datetime DEFAULT NULL,
  `usuario_creacion` int(11) DEFAULT NULL,
  `fecha_modificacion` datetime DEFAULT NULL,
  `usuario_modificacion` int(11) DEFAULT NULL,
  `estado` int(1) DEFAULT NULL,
  PRIMARY KEY (`id_marcas`)
) ENGINE=InnoDB AUTO_INCREMENT=4 DEFAULT CHARSET=utf8;
/*!40101 SET character_set_client = @saved_cs_client */;

--
-- Dumping data for table `marcas`
--

LOCK TABLES `marcas` WRITE;
/*!40000 ALTER TABLE `marcas` DISABLE KEYS */;
INSERT INTO `marcas` VALUES (1,'SAMSUNG','2018-11-04 00:00:00',1,'2018-11-04 00:00:00',1,1),(2,'PANASONIC2','2019-08-12 02:23:00',1,'2019-08-12 02:37:00',1,0),(3,'PANASONIC','2020-08-24 01:40:00',1,'2020-08-24 01:40:00',1,1);
/*!40000 ALTER TABLE `marcas` ENABLE KEYS */;
UNLOCK TABLES;

--
-- Table structure for table `monedas`
--

DROP TABLE IF EXISTS `monedas`;
/*!40101 SET @saved_cs_client     = @@character_set_client */;
/*!40101 SET character_set_client = utf8 */;
CREATE TABLE `monedas` (
  `id_moneda` int(2) NOT NULL AUTO_INCREMENT,
  `descripcion` varchar(100) DEFAULT NULL,
  `estado` int(1) DEFAULT NULL,
  `simbolo` varchar(3) DEFAULT NULL,
  PRIMARY KEY (`id_moneda`)
) ENGINE=InnoDB AUTO_INCREMENT=5 DEFAULT CHARSET=utf8;
/*!40101 SET character_set_client = @saved_cs_client */;

--
-- Dumping data for table `monedas`
--

LOCK TABLES `monedas` WRITE;
/*!40000 ALTER TABLE `monedas` DISABLE KEYS */;
INSERT INTO `monedas` VALUES (1,'SOLES',1,'S/.'),(2,'DOLARES',1,'$'),(3,'EURO',0,'EUR'),(4,'DOLAR AMERICANO',0,'USD');
/*!40000 ALTER TABLE `monedas` ENABLE KEYS */;
UNLOCK TABLES;

--
-- Table structure for table `monitortickets`
--

DROP TABLE IF EXISTS `monitortickets`;
/*!40101 SET @saved_cs_client     = @@character_set_client */;
/*!40101 SET character_set_client = utf8 */;
CREATE TABLE `monitortickets` (
  `idcajero` int(11) NOT NULL,
  `usuario` varchar(100) DEFAULT NULL,
  `excl` varchar(5) DEFAULT NULL,
  `normal` varchar(5) DEFAULT NULL,
  `atencionpref` varchar(5) DEFAULT NULL,
  PRIMARY KEY (`idcajero`)
) ENGINE=InnoDB DEFAULT CHARSET=utf8;
/*!40101 SET character_set_client = @saved_cs_client */;

--
-- Dumping data for table `monitortickets`
--

LOCK TABLES `monitortickets` WRITE;
/*!40000 ALTER TABLE `monitortickets` DISABLE KEYS */;
INSERT INTO `monitortickets` VALUES (1,'','0','0','1'),(2,'','1','0','0'),(3,'','1','0','0'),(4,'','0','1','0'),(5,'','0','1','0'),(6,'','0','1','0'),(7,'','0','0','0'),(8,'','0','0','0');
/*!40000 ALTER TABLE `monitortickets` ENABLE KEYS */;
UNLOCK TABLES;

--
-- Table structure for table `productos`
--

DROP TABLE IF EXISTS `productos`;
/*!40101 SET @saved_cs_client     = @@character_set_client */;
/*!40101 SET character_set_client = utf8 */;
CREATE TABLE `productos` (
  `id_productos` int(10) unsigned zerofill NOT NULL AUTO_INCREMENT,
  `nombre` varchar(300) DEFAULT NULL,
  `marca` varchar(100) DEFAULT NULL,
  `descripcion` varchar(400) DEFAULT NULL,
  `stock` int(6) DEFAULT NULL,
  `stock_minimo` int(6) DEFAULT NULL,
  `precio_venta` decimal(10,2) DEFAULT NULL,
  `precio_compra` decimal(10,2) DEFAULT NULL,
  `utilidad` int(3) DEFAULT NULL,
  `estado_producto` varchar(45) DEFAULT NULL,
  `peso` decimal(5,2) DEFAULT NULL,
  `color` varchar(45) DEFAULT NULL,
  `ancho` decimal(10,2) DEFAULT NULL,
  `alto` decimal(10,2) DEFAULT NULL,
  `fecha_creacion` datetime DEFAULT NULL,
  `usuario_creacion` int(11) DEFAULT NULL,
  `fecha_modificacion` datetime DEFAULT NULL,
  `usuario_modificacion` int(11) DEFAULT NULL,
  `estado` int(1) DEFAULT NULL,
  `id_moneda` int(2) DEFAULT NULL,
  PRIMARY KEY (`id_productos`)
) ENGINE=InnoDB AUTO_INCREMENT=34 DEFAULT CHARSET=utf8;
/*!40101 SET character_set_client = @saved_cs_client */;

--
-- Dumping data for table `productos`
--

LOCK TABLES `productos` WRITE;
/*!40000 ALTER TABLE `productos` DISABLE KEYS */;
INSERT INTO `productos` VALUES (0000000001,'TELEVISOR SAMSUNG 42\'\' SMART TV ULTRAHD','SAMSUNG','TELEVISOR SAMSUNG DE 42 PULGADAS CON TECNOLOGIA SMART TV CONEXION WIFI Y CALIDAD ULTRA HD',5,3,2499.90,1789.50,20,'NUEVO',100.00,'NEGRO',200.00,50.00,'2018-12-03 13:32:00',1,'2018-12-03 13:32:00',1,1,1),(0000000002,'CELULAR IPHONE 5S 64GB 4S LIBERADO DE FABRICA','APPLE','CELULAR IPHONE 5S LIBERADO NUEVO EN CAJA SELLADO TECNOLOGIA 4S CON SESNOR DE MOVIMIENTO PANTALLA CURVA COLOR GRIS',5,3,1500.67,980.87,20,'NUEVO',20.00,'GRIS OSCURO',10.00,20.00,'2018-12-03 13:32:00',1,'2018-12-03 13:32:00',1,1,1),(0000000004,'NOMBRE','HITEC','DESCRIPCION ALTERNATIVA',9,3,5.66,5.00,2,'BUENO',40.00,'NEGRO',9.70,4.40,'2018-03-21 08:03:41',1,'2018-03-21 08:03:41',1,1,1),(0000000005,'PRODUCTO','MARCA','PRODUCTO',90,3,4.00,2.00,100,'NUEVO',5.00,'COLOR',10.00,10.00,'2018-03-21 10:09:54',2,'2018-03-21 10:09:54',2,1,1),(0000000006,'PRODUCTO2','2A','44SDASDASDAS',0,3,41.00,42.00,43,'REGULAR',41.00,'VERDE PETROLEO',44.00,45.00,'2018-03-22 10:55:19',2,'2018-04-05 01:06:00',2,1,1),(0000000007,'PRODUCTO7','SHELL','DESCRIPCION7',11,2,130.00,100.00,0,'BUENO',3.00,'AZUL OSCURO',30.00,20.00,'2018-03-22 10:57:59',2,'2018-04-10 08:08:00',2,1,1),(0000000008,'1222','222','222',222,3,222.00,22.00,22,'NUEVO',222.00,'2222',22.00,22.00,'2018-03-22 11:10:31',2,'2018-03-22 11:10:31',2,1,1),(0000000009,'A','AAA','111',11,3,111.00,11.00,11,'NUEVO',1.00,'111',111.00,1.00,'2018-03-22 11:28:24',2,'2018-03-22 11:28:24',2,1,1),(0000000010,'333','33','',33,3,3.00,33.00,33,'NUEVO',33.00,'33',333.00,33.00,'2018-03-22 11:30:06',2,'2018-03-22 11:30:06',2,1,1),(0000000011,'SDSDS','11','',1,3,11.00,11.00,11,'NUEVO',11.00,'11',11.00,11.00,'2018-03-22 11:33:02',2,'2018-03-22 11:33:02',2,1,1),(0000000012,'GGGGG','ADDSDA','2',2,3,2.00,2.00,2,'NUEVO',3.00,'4',2.00,2.00,'2018-03-22 12:04:54',2,'2018-03-22 12:04:54',2,1,1),(0000000013,'ASDASDA','1','',2,3,5.00,23.00,2,'NUEVO',3.00,'4',2.00,2.00,'2018-04-05 03:07:00',2,'2018-04-05 03:07:00',2,1,1),(0000000014,'ASDASDALLLLL','ASSADAS','SDASD',2,3,22.00,22.00,0,'USADO',2.00,'ASDASDA',22.00,22.00,'2018-04-05 03:42:00',2,'2018-04-05 03:42:00',2,1,1),(0000000015,'GGGGG','2','DSADAS',2,3,2.00,2.00,2,'NUEVO',2.00,'ADAS',2.00,2.00,'2018-04-05 06:01:00',2,'2018-04-05 06:01:00',2,1,1),(0000000016,'ASDASDASD','','SADASDA',2,3,2.00,2.00,2,'NUEVO',2.00,'ASDASDASDA',2.00,2.00,'2018-04-05 06:15:00',2,'2018-04-05 06:15:00',2,1,1),(0000000017,'GGGGGGGG','ASDASDA','',2,3,0.00,0.00,0,'NUEVO',0.00,'',0.00,0.00,'2018-04-05 09:43:00',2,'2018-04-05 09:43:00',2,1,1),(0000000018,'MOUSE MICROSOFT INTELLIPOINT 3.0 OPTICALMOUSE','MICROSFOT','MOUSE INTELLIPOINT 3.0 MICROSOFT OPTICAL MOUSE 1800 DPI',1,3,123.00,80.00,0,'REGULAR',0.17,'GRIS OSCURO',0.00,0.00,'2018-04-05 09:45:00',2,'2018-04-05 09:45:00',2,1,1),(0000000019,'PASTEL CHANTIYI','','PASTEL CHANTIYI',101,3,12.00,8.00,0,'NUEVO',100.00,'',0.00,0.00,'2018-04-05 09:59:00',1,'2018-04-05 10:01:00',1,0,1),(0000000020,'ASDADASDA','ADAS','ASDASDA',222,3,2.00,2.00,0,'NUEVO',222.00,'ASDASDA',22.00,22.00,'2018-04-06 03:16:00',2,'2018-04-06 03:16:00',2,1,1),(0000000021,'AUDIFONOS STEELSERIES NATUS VINCERE','STEELSERIES','AUDIFONO STEEL SERIES MODELO NATUS VINCERE COLOR AMARILLO',17,3,160.00,100.00,0,'NUEVO',0.00,'',0.00,0.00,'2018-04-06 04:00:00',2,'2018-04-06 04:00:00',2,1,1),(0000000022,'AAAAAAAAA','BBBBBBB','CCCCCCCCCC',5,3,120.00,100.00,0,'NUEVO',0.00,'',0.00,0.00,'2018-04-10 07:24:00',2,'2018-04-10 07:24:00',2,1,1),(0000000024,'MOUSE CYBERTEL PRINCE','CYBERTEL','MOUSE CYBERTEL PRINCE',7,3,23.00,17.00,NULL,'NUEVO',NULL,'negro',NULL,NULL,'2019-05-11 04:39:00',1,'2019-05-11 04:39:00',1,1,1),(0000000025,'CELULAR HTC DESIRE 650 8GB2','HTC','CELULAR HTC DESIRE 650 8GB EXPANDIBLE 16GB CAMARA 16MPX, CAMARA FRONTAL 8MPX, BATERIA 2200MAH',1,3,500.00,300.00,20,'REGULAR',0.50,'GRIS OSCURO',7.00,15.00,'2019-05-11 04:53:00',1,'2020-08-24 01:46:00',1,1,1),(0000000027,'VIATAMINA  GERIA MEAL ZERO 500MG','GERIA ZERO','VIATAMINA  GERIA MEAL ZERO 500MG',10,3,3.00,3.00,NULL,'NUEVO',0.05,'BLANCO',NULL,NULL,'2019-06-19 06:19:00',1,'2019-06-19 06:21:00',1,1,2),(0000000028,'OXIMETRO DE PULOS CONTEC','CONTECT','OXIMETRO DE PULOS CONTEC',1,2,65.00,56.00,NULL,'NUEVO',NULL,'BLANCO',NULL,NULL,'2021-04-25 06:28:00',1,'2021-04-25 06:28:00',1,1,1),(0000000029,'PULSOXIMETRO DE PULSO JUMPER','JUMPER','PULSOXIMETRO DE PULSO JUMPER',15,2,65.00,56.00,NULL,'NUEVO',NULL,'BLANCO',NULL,NULL,'2021-04-25 06:42:00',1,'2021-06-30 08:29:00',1,1,1),(0000000030,'MASCARILLA FACIAL CHINA MARCA CONTEC XCAJA','CONTECT','MASCARILLA FACIAL CHINA MARCA CONTEC XCAJA',10,3,50.00,34.00,NULL,'NUEVO',NULL,'',NULL,NULL,'2021-05-14 11:24:00',21,'2021-06-30 08:29:00',1,1,1),(0000000031,'MASCARILLA FACIAL CHINA MARCA CONTEC XCAJA','CONTECT','MASCARILLA FACIAL CHINA MARCA CONTEC XCAJA',0,0,50.00,34.00,NULL,'NUEVO',NULL,'',NULL,NULL,'2021-05-15 01:48:00',21,'2021-05-15 01:48:00',21,0,1),(0000000032,'JAN','CONTECT','ADASDASDA',0,0,22.00,22.00,NULL,'NUEVO',NULL,'',NULL,NULL,'2021-05-15 01:55:00',21,'2021-05-15 01:55:00',21,0,1),(0000000033,'MASCARILLA FACIAL CHINA MARCA CONTEC XUNIDAD','CONTECT','MASCARILLA FACIAL CHINA MARCA CONTEC XCAJA',0,0,50.00,2.00,NULL,'NUEVO',NULL,'',NULL,NULL,'2021-05-15 04:54:00',1,'2021-05-15 04:54:00',1,0,1);
/*!40000 ALTER TABLE `productos` ENABLE KEYS */;
UNLOCK TABLES;

--
-- Table structure for table `proveedores`
--

DROP TABLE IF EXISTS `proveedores`;
/*!40101 SET @saved_cs_client     = @@character_set_client */;
/*!40101 SET character_set_client = utf8 */;
CREATE TABLE `proveedores` (
  `id_proveedores` int(11) unsigned zerofill NOT NULL AUTO_INCREMENT,
  `id_tipo_documento` int(11) DEFAULT NULL,
  `num_documento` varchar(30) DEFAULT NULL,
  `nombre` varchar(100) DEFAULT NULL,
  `apaterno` varchar(45) DEFAULT NULL,
  `amaterno` varchar(45) DEFAULT NULL,
  `direccion` varchar(150) DEFAULT NULL,
  `telefono` varchar(15) DEFAULT NULL,
  `celular` varchar(15) DEFAULT NULL,
  `correo` varchar(100) DEFAULT NULL,
  `fecha_creacion` datetime DEFAULT NULL,
  `usuario_creacion` int(11) DEFAULT NULL,
  `fecha_modificacion` datetime DEFAULT NULL,
  `usuario_modificacion` int(11) DEFAULT NULL,
  `estado` int(1) DEFAULT NULL,
  PRIMARY KEY (`id_proveedores`)
) ENGINE=InnoDB AUTO_INCREMENT=4 DEFAULT CHARSET=utf8;
/*!40101 SET character_set_client = @saved_cs_client */;

--
-- Dumping data for table `proveedores`
--

LOCK TABLES `proveedores` WRITE;
/*!40000 ALTER TABLE `proveedores` DISABLE KEYS */;
INSERT INTO `proveedores` VALUES (00000000001,2,'10084452594','SUPERMERCADOS SAC',NULL,NULL,'JR. RICARDO PALMA 3945 LIMA','528487','990837832','INFORMES@SUPERMCERCADOS.COM','2018-11-03 20:01:00',1,'2019-05-01 11:49:00',9,1),(00000000002,1,'45483321','JAN','QUIROZ','SANCHEZ','JR. SALAVERRY 435 DPTO 203 MAGDALENA LIMA','','984676184','JANQUIROZS@GMAIL.COM','2019-11-07 11:41:00',1,'2020-11-24 09:44:00',1,1),(00000000003,1,'00000000000','PROVEEDORES VARIOS',NULL,NULL,'SIN DIRECCION',NULL,NULL,NULL,'2018-04-12 03:29:00',1,'2018-04-12 03:29:00',1,1);
/*!40000 ALTER TABLE `proveedores` ENABLE KEYS */;
UNLOCK TABLES;

--
-- Table structure for table `sucursales`
--

DROP TABLE IF EXISTS `sucursales`;
/*!40101 SET @saved_cs_client     = @@character_set_client */;
/*!40101 SET character_set_client = utf8 */;
CREATE TABLE `sucursales` (
  `id_sucursales` int(4) NOT NULL AUTO_INCREMENT,
  `descripcion` varchar(200) DEFAULT NULL,
  `direccion` varchar(300) DEFAULT NULL,
  `telefono` varchar(30) DEFAULT NULL,
  `fecha_creacion` datetime DEFAULT NULL,
  `usuario_creacion` int(11) DEFAULT NULL,
  `fecha_modificacion` datetime DEFAULT NULL,
  `usuario_modificacion` int(11) DEFAULT NULL,
  `estado` int(1) DEFAULT NULL,
  PRIMARY KEY (`id_sucursales`)
) ENGINE=InnoDB AUTO_INCREMENT=3 DEFAULT CHARSET=utf8;
/*!40101 SET character_set_client = @saved_cs_client */;

--
-- Dumping data for table `sucursales`
--

LOCK TABLES `sucursales` WRITE;
/*!40000 ALTER TABLE `sucursales` DISABLE KEYS */;
INSERT INTO `sucursales` VALUES (1,'SUCURSAL CHICLAYO','JR. MARIANO NECOCHEA 794','54-8928393','2018-11-04 00:00:00',1,'2018-11-04 00:00:00',1,1),(2,'SUCURSAL ICA2','JR. MANCO INCA 332 PUEBLO LIBRE LIMA22','234-4512','2019-08-14 07:53:00',1,'2019-08-14 08:13:00',1,1);
/*!40000 ALTER TABLE `sucursales` ENABLE KEYS */;
UNLOCK TABLES;

--
-- Table structure for table `tipo_comprobante`
--

DROP TABLE IF EXISTS `tipo_comprobante`;
/*!40101 SET @saved_cs_client     = @@character_set_client */;
/*!40101 SET character_set_client = utf8 */;
CREATE TABLE `tipo_comprobante` (
  `id_tipo_comprobante` int(2) unsigned NOT NULL AUTO_INCREMENT,
  `descripcion` varchar(100) DEFAULT NULL,
  `serie` int(5) DEFAULT NULL,
  `numero` int(8) unsigned zerofill DEFAULT NULL,
  `tipo` varchar(100) DEFAULT NULL,
  `fecha_creacion` datetime DEFAULT NULL,
  `usuario_creacion` int(11) DEFAULT NULL,
  `fecha_modificacion` datetime DEFAULT NULL,
  `usuario_modificacion` int(11) DEFAULT NULL,
  `estado` int(1) DEFAULT NULL,
  `prefijo` varchar(2) DEFAULT NULL,
  PRIMARY KEY (`id_tipo_comprobante`)
) ENGINE=InnoDB AUTO_INCREMENT=8 DEFAULT CHARSET=utf8;
/*!40101 SET character_set_client = @saved_cs_client */;

--
-- Dumping data for table `tipo_comprobante`
--

LOCK TABLES `tipo_comprobante` WRITE;
/*!40000 ALTER TABLE `tipo_comprobante` DISABLE KEYS */;
INSERT INTO `tipo_comprobante` VALUES (1,'BOLETA',1,00117058,'BOLETA DE VENTA ELECTRONICA','2018-11-04 00:00:00',1,'2018-11-04 00:00:00',1,1,'B'),(2,'FACTURA',1,00001005,'FACTURA DE VENTA ELECTRONICA','2018-11-04 00:00:00',1,'2018-11-04 00:00:00',1,1,'F'),(3,'GUIA DE REMISION',2,00003433,'GUIA DE REMISION','2018-11-04 00:00:00',1,'2018-11-04 00:00:00',1,1,''),(4,'BOLETA2',1,00000007,'BOLETA DE VENTA ELECTRONCIA','2018-11-04 00:00:00',1,'2018-11-04 00:00:00',1,1,'B'),(5,'FACTURA2',1,00000001,'FACTURA DE VENTA ELECTRONICA','2018-11-04 00:00:00',1,'2018-11-04 00:00:00',1,1,'F'),(6,'FACTURA ELECTRONICA',1,00000003,'FACTURA DE VENTA ELECTONICA','2019-08-15 12:44:00',1,'2019-08-15 12:44:00',1,1,'F'),(7,'ORDEN DE COMPRA',1,00000005,'ORDEN DE COMPRA','2019-08-15 12:44:00',1,'2019-08-15 12:44:00',1,1,NULL);
/*!40000 ALTER TABLE `tipo_comprobante` ENABLE KEYS */;
UNLOCK TABLES;

--
-- Table structure for table `tipo_documento`
--

DROP TABLE IF EXISTS `tipo_documento`;
/*!40101 SET @saved_cs_client     = @@character_set_client */;
/*!40101 SET character_set_client = utf8 */;
CREATE TABLE `tipo_documento` (
  `id_tipo_documento` int(2) NOT NULL,
  `descripcion` varchar(45) DEFAULT NULL,
  PRIMARY KEY (`id_tipo_documento`)
) ENGINE=InnoDB DEFAULT CHARSET=utf8;
/*!40101 SET character_set_client = @saved_cs_client */;

--
-- Dumping data for table `tipo_documento`
--

LOCK TABLES `tipo_documento` WRITE;
/*!40000 ALTER TABLE `tipo_documento` DISABLE KEYS */;
INSERT INTO `tipo_documento` VALUES (1,'DNI'),(2,'RUC'),(3,'PASAPORTE'),(4,'CARNET DE EXTRANJERIA');
/*!40000 ALTER TABLE `tipo_documento` ENABLE KEYS */;
UNLOCK TABLES;

--
-- Table structure for table `unidades`
--

DROP TABLE IF EXISTS `unidades`;
/*!40101 SET @saved_cs_client     = @@character_set_client */;
/*!40101 SET character_set_client = utf8 */;
CREATE TABLE `unidades` (
  `id_unidades` int(4) NOT NULL AUTO_INCREMENT,
  `abreviatura` varchar(4) DEFAULT NULL,
  `descripcion` varchar(100) DEFAULT NULL,
  `fecha_creacion` datetime DEFAULT NULL,
  `usuario_creacion` int(11) DEFAULT NULL,
  `fecha_modificacion` datetime DEFAULT NULL,
  `usuario_modificacion` int(11) DEFAULT NULL,
  `estado` int(1) DEFAULT NULL,
  PRIMARY KEY (`id_unidades`)
) ENGINE=InnoDB AUTO_INCREMENT=3 DEFAULT CHARSET=utf8;
/*!40101 SET character_set_client = @saved_cs_client */;

--
-- Dumping data for table `unidades`
--

LOCK TABLES `unidades` WRITE;
/*!40000 ALTER TABLE `unidades` DISABLE KEYS */;
INSERT INTO `unidades` VALUES (1,'UND','UNIDADES','2018-11-04 00:00:00',1,'2018-11-04 00:00:00',1,1),(2,'KLG','KILOGRAMOS2222','2019-08-12 10:37:00',1,'2019-08-12 11:03:00',1,1);
/*!40000 ALTER TABLE `unidades` ENABLE KEYS */;
UNLOCK TABLES;

--
-- Table structure for table `usuarios`
--

DROP TABLE IF EXISTS `usuarios`;
/*!40101 SET @saved_cs_client     = @@character_set_client */;
/*!40101 SET character_set_client = utf8 */;
CREATE TABLE `usuarios` (
  `id_usuario` int(10) NOT NULL AUTO_INCREMENT,
  `user` varchar(45) DEFAULT NULL,
  `pass` varchar(45) DEFAULT NULL,
  `descripcion` varchar(100) DEFAULT NULL,
  `usuario_creacion` int(11) DEFAULT NULL,
  `fecha_creacion` datetime DEFAULT NULL,
  `usuario_modificacion` int(11) DEFAULT NULL,
  `fecha_modificacion` datetime DEFAULT NULL,
  `estado` int(1) DEFAULT NULL,
  PRIMARY KEY (`id_usuario`)
) ENGINE=InnoDB AUTO_INCREMENT=22 DEFAULT CHARSET=utf8;
/*!40101 SET character_set_client = @saved_cs_client */;

--
-- Dumping data for table `usuarios`
--

LOCK TABLES `usuarios` WRITE;
/*!40000 ALTER TABLE `usuarios` DISABLE KEYS */;
INSERT INTO `usuarios` VALUES (1,'admin','1234','Administrador',1,'2018-10-03 20:01:00',1,'2019-03-30 10:12:00',1),(2,'Juan C.','1234','Registrador2',1,'2018-10-03 20:01:00',1,'2019-04-04 11:15:00',1),(3,'Ricardo S.','12345','Informante',1,'2018-06-18 09:25:00',1,'2018-06-18 09:25:00',1),(4,'Gabriel V.','12345sd','Registrador3',1,'2018-06-18 09:38:00',1,'2019-03-24 07:52:00',1),(5,'Richarlison D.','asd12345','Giovanna s',NULL,NULL,NULL,NULL,1),(6,'Carlos B.','1234','sadadasdas',NULL,NULL,NULL,NULL,1),(7,'Carla K.','1234','asdasda',NULL,NULL,NULL,NULL,1),(8,'Soeldad A.','12344','sadasda',NULL,NULL,NULL,NULL,1),(9,'gsanchezf','asadasd','ggggggg',NULL,NULL,NULL,NULL,0),(10,'asdf','1234','asdf',NULL,NULL,NULL,NULL,0),(11,'asdf2','asdasd','asdasdasdas',NULL,NULL,NULL,NULL,0),(12,'jaque','123456','Jan Quiroz S.',1,'2019-03-24 05:07:00',1,'2019-03-24 05:07:00',0),(13,'jansda','121231','asdsadasda',1,'2019-03-30 06:50:00',1,'2019-03-30 06:50:00',0),(14,'sdasdasda','sadasda','sadasda',1,'2019-03-31 04:13:00',1,'2019-03-31 04:13:00',0),(15,'rmelendez2','12345','Ricardo Melendez',1,'2019-03-31 04:14:00',1,'2019-03-31 04:15:00',0),(16,'asdas','sadasda','sadas',1,'2019-03-31 04:16:00',1,'2019-03-31 04:16:00',0),(17,'','','',1,'2019-04-04 01:08:00',1,'2019-04-04 01:08:00',0),(18,'gsanchezf2222','asadasd','Giovanna 2nnsduasda',1,'2019-04-04 01:10:00',1,'2019-04-04 01:10:00',0),(19,'jquirzssds','122345555','sadasdasdas',1,'2019-04-04 01:10:00',1,'2019-04-04 01:10:00',0),(20,'hola2','123456','usuario de prueba2',NULL,NULL,NULL,NULL,0),(21,'nortega','12345','Usuario para Demo',1,'2021-04-12 05:37:00',1,'2021-04-12 05:37:00',0);
/*!40000 ALTER TABLE `usuarios` ENABLE KEYS */;
UNLOCK TABLES;

--
-- Table structure for table `ventas`
--

DROP TABLE IF EXISTS `ventas`;
/*!40101 SET @saved_cs_client     = @@character_set_client */;
/*!40101 SET character_set_client = utf8 */;
CREATE TABLE `ventas` (
  `id_ventas` int(11) unsigned zerofill NOT NULL AUTO_INCREMENT,
  `id_clientes` int(11) unsigned zerofill DEFAULT NULL,
  `fecha_real` datetime DEFAULT NULL,
  `fecha_comprobante` datetime DEFAULT NULL,
  `estado_venta` varchar(45) DEFAULT NULL,
  `id_tipo_comprobante` int(2) DEFAULT NULL,
  `serie` int(4) unsigned zerofill DEFAULT NULL,
  `numero` int(8) unsigned zerofill DEFAULT NULL,
  `sub_total` decimal(10,2) DEFAULT NULL,
  `igv` decimal(10,2) DEFAULT NULL,
  `total` decimal(10,2) DEFAULT NULL,
  `id_moneda` int(2) DEFAULT NULL,
  `cajero` varchar(45) DEFAULT NULL,
  `fecha_pago` datetime DEFAULT NULL,
  `medio_pago` varchar(45) DEFAULT NULL,
  `paga_con` decimal(10,2) DEFAULT NULL,
  `vuelto` decimal(10,2) DEFAULT NULL,
  `fecha_creacion` datetime DEFAULT NULL,
  `usuario_creacion` int(11) DEFAULT NULL,
  `fecha_modificacion` datetime DEFAULT NULL,
  `usuario_modificacion` int(11) DEFAULT NULL,
  `estado` int(1) DEFAULT NULL,
  `importe_letras` varchar(300) DEFAULT NULL,
  PRIMARY KEY (`id_ventas`),
  KEY `id_clientes_idx` (`id_clientes`)
) ENGINE=InnoDB AUTO_INCREMENT=119 DEFAULT CHARSET=utf8;
/*!40101 SET character_set_client = @saved_cs_client */;

--
-- Dumping data for table `ventas`
--

LOCK TABLES `ventas` WRITE;
/*!40000 ALTER TABLE `ventas` DISABLE KEYS */;
INSERT INTO `ventas` VALUES (00000000035,00000000021,'2018-04-13 03:26:00','2018-04-13 03:26:00','PAGADO',2,0001,00001000,9.84,2.16,12.00,1,'admin','2018-05-09 07:08:00','EFECTIVO',20.00,8.00,'2018-04-13 03:26:00',2,'2018-05-09 07:08:00',1,1,'DOCE CON 00/100 SOLES'),(00000000036,00000000005,'2018-04-13 03:56:00','2018-04-13 03:56:00','PAGADO',2,0001,00001000,19.68,4.32,24.00,1,'admin','2018-05-09 07:11:00','EFECTIVO',30.00,6.00,'2018-04-13 03:56:00',2,'2018-05-09 07:11:00',1,1,'VEINTICUATRO CON 00/100 SOLES'),(00000000037,00000000005,'2018-04-13 04:38:00','2018-04-13 04:38:00','PAGADO',1,0001,00117012,24.60,5.40,30.00,1,'admin','2018-05-13 10:42:00','EFECTIVO',222.00,192.00,'2018-04-13 04:38:00',2,'2018-05-13 10:42:00',1,1,'TREINTA CON 00/100 SOLES'),(00000000038,00000000005,'2018-04-13 04:41:00','2018-04-13 04:41:00','PAGADO',1,0001,00117013,9.84,2.16,12.00,1,'admin','2018-05-13 10:43:00','EFECTIVO',40.00,28.00,'2018-04-13 04:41:00',2,'2018-05-13 10:43:00',1,1,'DOCE CON 00/100 SOLES'),(00000000039,00000000021,'2018-04-13 05:28:00','2018-04-13 05:28:00','PAGADO',1,0001,00117014,24.60,5.40,30.00,1,'admin','2018-05-13 10:47:00','EFECTIVO',40.00,10.00,'2018-04-13 05:28:00',2,'2018-05-13 10:47:00',1,1,'TREINTA CON 00/100 SOLES'),(00000000040,00000000004,'2018-04-13 09:38:00','2018-04-13 09:38:00','PAGADO',1,0001,00117015,12.30,2.70,15.00,1,'admin','2018-05-13 10:48:00','EFECTIVO',20.00,5.00,'2018-04-13 09:38:00',2,'2018-05-13 10:48:00',1,1,'QUINCE CON 00/100 SOLES'),(00000000041,00000000022,'2018-04-27 10:09:00','2018-04-27 10:09:00','PAGADO',1,0001,00117006,100.00,18.00,118.00,1,'admin','2018-05-08 07:41:00','EFECTIVO',150.00,32.00,'2018-04-27 10:09:00',1,'2018-05-08 07:41:00',1,1,'CIENTO DIECIOCHO CON 00/100 SOLES'),(00000000042,00000000001,'2018-04-27 09:24:00','2018-04-27 09:24:00','PAGADO',1,0001,00117018,12.30,2.70,15.00,1,'admin','2018-05-16 11:46:00','EFECTIVO',100.00,85.00,'2018-04-27 09:24:00',1,'2018-05-16 11:46:00',1,1,'QUINCE CON 00/100 SOLES'),(00000000043,00000000001,'2018-04-27 09:25:00','2018-04-27 09:25:00','PAGADO',1,0001,00117019,12.30,2.70,15.00,1,'admin','2018-05-16 11:47:00','EFECTIVO',45.00,30.00,'2018-04-27 09:25:00',1,'2018-05-16 11:47:00',1,1,'QUINCE CON 00/100 SOLES'),(00000000044,00000000004,'2018-04-27 09:28:00','2018-04-27 09:28:00','PAGADO',1,0001,00117020,34.44,7.56,42.00,1,'admin','2018-05-16 11:47:00','EFECTIVO',122.00,80.00,'2018-04-27 09:28:00',1,'2018-05-16 11:47:00',1,1,'CUARENTA Y DOS CON 00/100 SOLES'),(00000000045,00000000001,'2018-04-28 02:29:00','2018-04-28 02:29:00','PAGADO',1,0001,00117021,9.84,2.16,12.00,1,'admin','2018-05-16 11:47:00','EFECTIVO',12.00,0.00,'2018-04-28 02:29:00',1,'2018-05-16 11:47:00',1,1,'DOCE CON 00/100 SOLES'),(00000000046,00000000001,'2018-04-28 02:30:00','2018-04-28 02:30:00','PAGADO',1,0001,00117022,41.00,9.00,50.00,1,'admin','2018-05-16 11:47:00','EFECTIVO',60.00,10.00,'2018-04-28 02:30:00',1,'2018-05-16 11:47:00',1,1,'CINCUENTA CON 00/100 SOLES'),(00000000047,00000000022,'2018-04-28 07:05:00','2018-04-28 07:05:00','PAGADO',1,0001,00117023,41.00,9.00,50.00,1,'admin','2018-05-16 11:47:00','EFECTIVO',155.00,105.00,'2018-04-28 07:05:00',1,'2018-05-16 11:47:00',1,1,'CINCUENTA CON 00/100 SOLES'),(00000000048,00000000002,'2018-04-29 01:12:00','2018-04-29 01:12:00','PAGADO',1,0001,00117024,39.36,8.64,48.00,1,'admin','2018-05-16 11:49:00','EFECTIVO',50.00,2.00,'2018-04-29 01:12:00',1,'2018-05-16 11:49:00',1,1,'CUARENTA Y OCHO CON 00/100 SOLES'),(00000000049,00000000003,'2018-04-29 01:13:00','2018-04-29 01:13:00','PAGADO',1,0001,00117025,19.68,4.32,24.00,1,'admin','2018-05-16 11:49:00','EFECTIVO',30.00,6.00,'2018-04-29 01:13:00',1,'2018-05-16 11:49:00',1,1,'VEINTICUATRO CON 00/100 SOLES'),(00000000050,00000000001,'2018-04-29 02:47:00','2018-04-29 02:47:00','PAGADO',1,0001,00117026,29.52,6.48,36.00,1,'admin','2018-05-16 11:49:00','EFECTIVO',40.00,4.00,'2018-04-29 02:47:00',1,'2018-05-16 11:49:00',1,1,'TREINTA Y SEIS CON 00/100 SOLES'),(00000000051,00000000022,'2018-04-29 04:29:00','2018-04-29 04:29:00','PAGADO',1,0001,00117027,36.90,8.10,45.00,1,'admin','2018-05-16 11:49:00','EFECTIVO',50.00,5.00,'2018-04-29 04:29:00',1,'2018-05-16 11:49:00',1,1,'CUARENTA Y CINCO CON 00/100 SOLES'),(00000000052,00000000001,'2018-04-29 04:36:00','2018-04-29 04:36:00','PAGADO',1,0001,00117011,31.98,7.02,39.00,1,'admin','2018-05-13 10:38:00','EFECTIVO',60.00,21.00,'2018-04-29 04:36:00',1,'2018-05-13 10:38:00',1,1,'TREINTA Y NUEVE CON 00/100 SOLES'),(00000000053,00000000022,'2018-04-30 05:56:00','2018-04-30 05:56:00','PAGADO',1,0001,00117006,49.20,10.80,60.00,1,'admin','2018-05-08 07:33:00','EFECTIVO',100.00,40.00,'2018-04-30 05:56:00',1,'2018-05-08 07:33:00',1,1,'SESENTA CON 00/100 SOLES'),(00000000054,00000000002,'2018-05-08 11:52:00','2018-05-08 11:52:00','PAGADO',1,0001,00117006,51.66,11.34,63.00,1,'admin','2018-05-08 07:31:00','EFECTIVO',70.00,7.00,'2018-05-08 11:52:00',1,'2018-05-08 11:52:00',1,1,'SESENTA Y TRES CON 00/100 SOLES'),(00000000055,00000000018,'2018-05-08 07:56:00','2018-05-08 07:56:00','PAGADO',1,0001,00117009,34.44,7.56,42.00,1,'admin','2018-05-13 10:33:00','EFECTIVO',50.00,8.00,'2018-05-08 07:56:00',1,'2018-05-13 10:33:00',1,1,'CUARENTA Y DOS CON 00/100 SOLES'),(00000000056,00000000005,'2018-05-09 07:38:00','2018-05-09 07:38:00','PAGADO',1,0001,00117006,66.42,14.58,81.00,1,'admin','2018-05-09 07:41:00','EFECTIVO',100.00,19.00,'2018-05-09 07:38:00',1,'2018-05-09 07:41:00',1,1,'OCHENTA Y UNO CON 00/100 SOLES'),(00000000057,00000000001,'2018-05-09 07:42:00','2018-05-09 07:42:00','PAGADO',1,0001,00117008,29.52,6.48,36.00,1,'admin','2018-05-13 10:25:00','EFECTIVO',50.00,14.00,'2018-05-09 07:42:00',1,'2018-05-13 10:25:00',1,1,'TREINTA Y SEIS CON 00/100 SOLES'),(00000000058,00000000004,'2018-05-09 10:51:00','2018-05-09 10:51:00','PAGADO',1,0001,00117007,24.60,5.40,30.00,1,'Admin','2018-05-09 10:55:00','EFECTIVO',100.00,70.00,'2018-05-09 10:51:00',1,'2018-05-09 10:55:00',1,1,'TREINTA CON 00/100 SOLES'),(00000000059,00000000001,'2018-05-13 10:46:00','2018-05-13 10:46:00','PAGADO',1,0001,00117028,24.60,5.40,30.00,1,'admin','2018-05-16 11:49:00','EFECTIVO',40.00,10.00,'2018-05-13 10:46:00',1,'2018-05-16 11:49:00',1,1,'TREINTA CON 00/100 SOLES'),(00000000060,00000000001,'2018-05-15 11:23:00','2018-05-15 11:23:00','PAGADO',1,0001,00117029,110.70,24.30,135.00,1,'admin','2018-05-16 11:49:00','EFECTIVO',150.00,15.00,'2018-05-15 11:23:00',1,'2018-05-16 11:49:00',1,1,'CIENTO TREINTA Y CINCO CON 00/100 SOLES'),(00000000061,00000000002,'2018-05-15 11:31:00','2018-05-15 11:31:00','PAGADO',1,0001,00117016,34.44,7.56,42.00,1,'admin','2018-05-15 11:36:00','EFECTIVO',50.00,8.00,'2018-05-15 11:31:00',1,'2018-05-15 11:36:00',1,1,'CUARENTA Y DOS CON 00/100 SOLES'),(00000000062,00000000006,'2018-05-15 11:39:00','2018-05-15 11:39:00','PAGADO',1,0001,00117017,123.00,27.00,150.00,1,'admin','2018-05-15 11:40:00','EFECTIVO',150.00,0.00,'2018-05-15 11:39:00',1,'2018-05-15 11:40:00',1,1,'CIENTO CINCUENTA CON 00/100 SOLES'),(00000000063,00000000005,'2018-05-16 11:52:00','2018-05-16 11:52:00','PAGADO',1,0001,00117030,210.74,46.26,257.00,1,'admin','2018-05-16 11:54:00','EFECTIVO',300.00,43.00,'2018-05-16 11:52:00',1,'2018-05-16 11:54:00',1,1,'DOCIENTOS CINCUENTA Y SIETE CON 00/100 SOLES'),(00000000064,00000000012,'2018-05-20 07:58:00','2018-05-20 07:58:00','PAGADO',1,0001,00117031,46.74,10.26,57.00,1,'admin','2018-06-06 09:20:00','EFECTIVO',60.00,3.00,'2018-05-20 07:58:00',1,'2018-06-06 09:20:00',1,1,'CINCUENTA Y SIETE CON 00/100 SOLES'),(00000000065,00000000006,'2018-05-29 07:11:00','2018-05-29 07:11:00','PAGADO',2,0001,00001001,31.16,6.84,38.00,1,'admin','2018-05-29 07:13:00','EFECTIVO',50.00,12.00,'2018-05-29 07:11:00',1,'2018-05-29 07:13:00',1,1,'TREINTA Y OCHO CON 00/100 SOLES'),(00000000066,00000000022,'2018-06-02 03:47:00','2018-06-02 03:47:00','PAGADO',2,0001,00001002,30.34,6.66,37.00,1,'admin','2018-06-02 03:52:00','EFECTIVO',50.00,13.00,'2018-06-02 03:47:00',1,'2018-06-02 03:52:00',1,1,'TREINTA Y SIETE CON 00/100 SOLES'),(00000000067,00000000003,'2018-06-18 10:07:00','2018-06-18 10:07:00','PAGADO',1,0001,00117032,74.62,16.38,91.00,1,'admin','2018-06-18 10:09:00','EFECTIVO',100.00,9.00,'2018-06-18 10:07:00',1,'2018-06-18 10:09:00',1,1,'NOVENTA Y UNO CON 00/100 SOLES'),(00000000068,00000000004,'2018-06-19 07:42:00','2018-06-19 07:42:00','PAGADO',1,0001,00117034,98.40,21.60,120.00,1,'admin','2018-06-20 11:16:00','EFECTIVO',70.00,10.00,'2018-06-19 07:42:00',1,'2018-06-20 11:16:00',1,1,'CIENTO VEINTE CON 00/100 SOLES'),(00000000069,00000000004,'2018-06-20 11:12:00','2018-06-20 11:12:00','PAGADO',1,0001,00117033,49.20,10.80,60.00,1,'admin','2018-06-20 11:14:00','EFECTIVO',70.00,10.00,'2018-06-20 11:12:00',1,'2018-06-20 11:14:00',1,1,'SESENTA CON 00/100 SOLES'),(00000000070,00000000003,'2018-06-20 11:17:00','2018-06-20 11:17:00','PAGADO',1,0001,00117036,12.30,2.70,15.00,1,'admin','2018-06-20 11:19:00','EFECTIVO',16.00,1.00,'2018-06-20 11:17:00',1,'2018-06-20 11:19:00',1,1,'QUINCE CON 00/100 SOLES'),(00000000071,00000000003,'2018-06-20 11:25:00','2018-06-20 11:25:00','PAGADO',1,0001,00117037,12.30,2.70,15.00,1,'admin','2018-06-20 11:25:00','EFECTIVO',16.00,1.00,'2018-06-20 11:25:00',1,'2018-06-20 11:25:00',1,1,'QUINCE CON 00/100 SOLES'),(00000000072,00000000013,'2018-06-20 11:31:00','2018-06-20 11:31:00','PAGADO',1,0001,00117038,9.84,2.16,12.00,1,'admin','2018-06-20 11:31:00','EFECTIVO',15.00,3.00,'2018-06-20 11:31:00',1,'2018-06-20 11:31:00',1,1,'DOCE CON 00/100 SOLES'),(00000000073,00000000005,'2018-06-20 11:34:00','2018-06-20 11:34:00','PAGADO',1,0001,00117039,9.84,2.16,12.00,1,'admin','2018-06-20 11:34:00','EFECTIVO',15.00,3.00,'2018-06-20 11:34:00',1,'2018-06-20 11:34:00',1,1,'DOCE CON 00/100 SOLES'),(00000000074,00000000006,'2018-06-20 11:35:00','2018-06-20 11:35:00','PAGADO',1,0001,00117040,5.74,1.26,7.00,1,'admin','2018-06-20 11:36:00','EFECTIVO',10.00,3.00,'2018-06-20 11:35:00',1,'2018-06-20 11:36:00',1,1,'SIETE CON 00/100 SOLES'),(00000000075,00000000021,'2018-06-20 11:37:00','2018-06-20 11:37:00','PAGADO',1,0001,00117041,17.22,3.78,21.00,1,'admin','2018-06-20 11:37:00','EFECTIVO',30.00,9.00,'2018-06-20 11:37:00',1,'2018-06-20 11:37:00',1,1,'VEINTIUNO CON 00/100 SOLES'),(00000000076,00000000004,'2018-06-20 11:38:00','2018-06-20 11:38:00','PAGADO',1,0001,00117042,36.90,8.10,45.00,1,'admin','2018-06-20 11:39:00','EFECTIVO',50.00,5.00,'2018-06-20 11:38:00',1,'2018-06-20 11:39:00',1,1,'CUARENTA Y CINCO CON 00/100 SOLES'),(00000000077,00000000007,'2018-06-20 11:42:00','2018-06-20 11:42:00','PAGADO',1,0001,00117043,25.42,5.58,31.00,1,'admin','2018-06-20 11:42:00','EFECTIVO',35.00,4.00,'2018-06-20 11:42:00',1,'2018-06-20 11:42:00',1,1,'TREINTA Y UNO CON 00/100 SOLES'),(00000000084,00000000021,'2019-06-04 03:36:00','2018-12-31 08:32:00','PAGADO',1,0001,00117044,2499.90,452.14,2511.90,1,'admin','2019-06-04 03:36:00','EFECTIVO',3000.00,488.10,'2019-06-04 03:36:00',1,'2019-06-04 03:36:00',1,1,'DOS MIL QUINIENTOS ONCE CON 90/100 SOLES'),(00000000085,00000000021,'2019-06-04 03:53:00','2018-12-31 08:52:00','PAGADO',1,0001,00117045,500.00,90.00,500.00,1,'admin','2019-06-04 03:53:00','EFECTIVO',500.00,0.00,'2019-06-04 03:53:00',1,'2019-06-04 03:53:00',1,1,'QUINIENTOS CON 00/100 SOLES'),(00000000086,00000000021,'2019-06-04 03:55:00','2018-12-31 08:55:00','PAGADO',1,0001,00117046,160.00,28.80,160.00,1,'admin','2019-06-04 03:55:00','EFECTIVO',200.00,40.00,'2019-06-04 03:55:00',1,'2019-06-04 03:55:00',1,1,'CIENTO SESENTA CON 00/100 SOLES'),(00000000087,00000000021,'2019-06-04 04:56:00','2018-12-31 09:55:00','PAGADO',1,0001,00117047,500.00,90.00,500.00,1,'admin','2019-06-04 04:56:00','EFECTIVO',500.00,0.00,'2019-06-04 04:56:00',1,'2019-06-04 04:56:00',1,1,'QUINIENTOS CON 00/100 SOLES'),(00000000088,00000000021,'2019-06-04 04:58:00','2018-12-31 09:58:00','PAGADO',1,0001,00117048,500.00,90.00,500.00,1,'admin','2019-06-04 04:58:00','EFECTIVO',500.00,0.00,'2019-06-04 04:58:00',1,'2019-06-04 04:58:00',1,1,'QUINIENTOS CON 00/100 SOLES'),(00000000089,00000000021,'2019-06-04 05:02:00','2018-12-31 10:01:00','PAGADO',1,0001,00117049,12.00,2.16,12.00,1,'admin','2019-06-04 05:02:00','EFECTIVO',15.00,3.00,'2019-06-04 05:02:00',1,'2019-06-04 05:02:00',1,1,'DOCE CON 00/100 SOLES'),(00000000090,00000000021,'2019-06-04 05:04:00','2019-01-02 05:04:00','PAGADO',1,0001,00117050,12.00,2.16,12.00,1,'admin','2019-06-04 05:04:00','EFECTIVO',30.00,18.00,'2019-06-04 05:04:00',1,'2019-06-04 05:04:00',1,1,'DOCE CON 00/100 SOLES'),(00000000091,00000000021,'2019-06-04 05:12:00','2019-01-12 05:11:00','PAGADO',1,0001,00117051,12.00,2.16,12.00,1,'admin','2019-06-04 05:12:00','EFECTIVO',20.00,8.00,'2019-06-04 05:12:00',1,'2019-06-04 05:12:00',1,1,'DOCE CON 00/100 SOLES'),(00000000097,00000000021,'2019-06-06 02:13:00','2019-06-06 02:04:00','PAGADO',1,0001,00117052,21.00,7.92,44.00,1,'admin','2019-06-06 02:13:00','EFECTIVO',50.00,6.00,'2019-06-06 02:13:00',1,'2019-06-06 02:13:00',1,1,'CUARENTA Y CUATRO CON 00/100 SOLES'),(00000000100,00000000021,'2019-06-06 02:36:00','2019-06-06 02:34:00','PAGADO',1,0001,00117053,484.62,106.38,591.00,1,'admin','2019-06-06 02:36:00','EFECTIVO',600.00,9.00,'2019-06-06 02:36:00',1,'2019-06-06 02:36:00',1,1,'QUINIENTOS NOVENTA Y UNO CON 00/100 SOLES'),(00000000101,00000000021,'2019-06-06 03:33:00','2019-06-06 03:33:00','PAGADO',1,0001,00117054,18.86,4.14,23.00,1,'admin','2019-06-06 03:33:00','EFECTIVO',30.00,7.00,'2019-06-06 03:33:00',1,'2019-06-06 03:33:00',1,1,'VEINTITRES CON 00/100 SOLES'),(00000000102,00000000021,'2019-06-09 10:56:00','2019-09-06 10:55:00','ANULADO',4,0001,00000001,150.06,32.94,183.00,1,'admin','2019-06-09 10:56:00','EFECTIVO',200.00,17.00,'2019-06-09 10:56:00',1,'2019-06-09 10:56:00',1,1,'CIENTO OCHENTA Y TRES CON 00/100 SOLES'),(00000000103,00000000021,'2019-06-19 12:42:00','2020-07-06 12:41:00','ANULADO',1,0001,00117055,131.20,28.80,160.00,1,'admin','2019-06-19 12:42:00','EFECTIVO',200.00,40.00,'2019-06-19 12:42:00',1,'2019-06-19 12:42:00',1,1,'CIENTO SESENTA CON 00/100 SOLES'),(00000000104,00000000026,'2019-07-17 09:03:00','2020-05-07 08:59:00','PAGADO',1,0001,00117056,541.20,118.80,660.00,1,'admin','2019-07-17 09:03:00','EFECTIVO',700.00,40.00,'2019-07-17 09:03:00',1,'2019-07-17 09:03:00',1,1,'SEISIENTOS SESENTA CON 00/100 SOLES'),(00000000105,00000000023,'2020-08-24 01:34:00','2021-12-08 01:29:00','PAGADO',2,0001,00001003,1230.55,270.12,1500.67,1,'admin','2020-08-24 01:34:00','EFECTIVO',1600.00,99.33,'2020-08-24 01:34:00',1,'2020-08-24 01:34:00',1,1,'MIL QUINIENTOS CON 67/100 SOLES'),(00000000106,00000000021,'2021-01-06 07:27:00','2021-06-01 07:24:00','PAGADO',2,0001,00001004,1361.75,298.92,1660.67,1,'admin','2021-01-06 07:27:00','EFECTIVO',1700.00,39.33,'2021-01-06 07:27:00',1,'2021-01-06 07:27:00',1,1,'MIL SEISIENTOS SESENTA CON 67/100 SOLES'),(00000000107,00000000021,'2021-01-19 12:05:00','2022-07-01 12:05:00','PAGADO',7,0001,00000001,18.86,4.14,23.00,1,'admin','2021-01-19 12:05:00','EFECTIVO',30.00,7.00,'2021-01-19 12:05:00',1,'2021-01-19 12:05:00',1,1,'VEINTITRES CON 00/100 SOLES'),(00000000108,00000000021,'2021-02-11 09:05:00','2021-11-02 09:04:00','PAGADO',6,0001,00000001,18.86,4.14,23.00,1,'admin','2021-02-11 09:05:00','EFECTIVO',30.00,7.00,'2021-02-11 09:05:00',1,'2021-02-11 09:05:00',1,1,'VEINTITRES CON 00/100 SOLES'),(00000000109,00000000021,'2021-02-11 09:07:00','2021-11-02 09:06:00','PAGADO',1,0001,00117057,131.20,28.80,160.00,1,'admin','2021-02-11 09:07:00','EFECTIVO',200.00,200.00,'2021-02-11 09:07:00',1,'2021-02-11 09:07:00',1,1,'CIENTA SESENTA CON 00/100 SOLES'),(00000000110,00000000021,'2021-02-11 09:10:00','2021-11-02 09:09:00','PAGADO',7,0001,00000002,1230.55,270.12,1500.67,1,'admin','2021-02-11 09:10:00','EFECTIVO',1700.00,199.33,'2021-02-11 09:10:00',1,'2021-02-11 09:10:00',1,1,' MIL QUINIENTOS  CON 67/100 SOLES'),(00000000111,00000000021,'2021-02-11 09:17:00','2021-11-02 09:16:00','PAGADO',4,0001,00000002,18.86,4.14,23.00,1,'admin','2021-02-11 09:17:00','EFECTIVO',30.00,7.00,'2021-02-11 09:17:00',1,'2021-02-11 09:17:00',1,1,'VEINTI TRES CON 00/100 SOLES'),(00000000112,00000000021,'2021-02-11 09:18:00','2021-11-02 09:18:00','PAGADO',7,0001,00000003,820.00,180.00,1000.00,1,'admin','2021-02-11 09:18:00','EFECTIVO',1000.00,0.00,'2021-02-11 09:18:00',1,'2021-02-11 09:18:00',1,1,'MIL CON 00/100 SOLES'),(00000000113,00000000021,'2021-02-11 09:19:00','2021-11-02 09:19:00','PAGADO',4,0001,00000003,37.72,8.28,46.00,1,'admin','2021-02-11 09:19:00','EFECTIVO',50.00,4.00,'2021-02-11 09:19:00',1,'2021-02-11 09:19:00',1,1,'CUARENTA Y SEIS  CON 0/100 SOLES'),(00000000114,00000000027,'2021-04-12 06:21:00','2021-12-04 06:16:00','PAGADO',4,0001,00000004,410.00,90.00,500.00,1,'admin','2021-04-12 06:21:00','EFECTIVO',600.00,100.00,'2021-04-12 06:21:00',1,'2021-04-12 06:21:00',1,1,'QUINIENTOS  CON 0/100 SOLES'),(00000000115,00000000021,'2021-04-25 06:29:00','2023-01-04 06:28:00','PAGADO',6,0001,00000002,213.20,46.80,260.00,1,'admin','2021-04-25 06:29:00','EFECTIVO',300.00,40.00,'2021-04-25 06:29:00',1,'2021-04-25 06:29:00',1,1,'DOSCIENTOS SESENTA  CON 0/100 SOLES'),(00000000116,00000000021,'2021-05-14 05:21:00','2022-02-05 05:18:00','PAGADO',7,0001,00000004,266.50,58.50,325.00,1,'admin','2021-05-14 05:21:00','EFECTIVO',400.00,75.00,'2021-05-14 05:21:00',1,'2021-05-14 05:21:00',1,1,'TRESCIENTOS  VEINTICINCO  CON 0/100 SOLES'),(00000000117,00000000021,'2021-05-14 11:06:00','2022-02-05 11:05:00','ANULADO',4,0001,00000005,463.30,101.70,565.00,1,'nortega','2021-05-14 11:06:00','EFECTIVO',600.00,35.00,'2021-05-14 11:06:00',21,'2021-05-14 11:06:00',21,1,'QUINIENTOS SESENTA Y CINCO  CON 0/100 SOLES'),(00000000118,00000000021,'2021-05-15 04:54:00','2022-03-05 04:54:00','PAGADO',4,0001,00000006,53.30,11.70,65.00,1,'admin','2021-05-15 04:54:00','EFECTIVO',70.00,5.00,'2021-05-15 04:54:00',1,'2021-05-15 04:54:00',1,1,'SESENTA Y CINCO  CON 0/100 SOLES');
/*!40000 ALTER TABLE `ventas` ENABLE KEYS */;
UNLOCK TABLES;

--
-- Table structure for table `ventas_lines`
--

DROP TABLE IF EXISTS `ventas_lines`;
/*!40101 SET @saved_cs_client     = @@character_set_client */;
/*!40101 SET character_set_client = utf8 */;
CREATE TABLE `ventas_lines` (
  `idventas_lines` int(11) unsigned zerofill NOT NULL AUTO_INCREMENT,
  `id_ventas` int(11) unsigned zerofill DEFAULT NULL,
  `id_producto` int(11) unsigned zerofill DEFAULT NULL,
  `servicio` varchar(200) DEFAULT NULL,
  `cantidad` int(5) DEFAULT NULL,
  `precio` decimal(10,2) DEFAULT NULL,
  `sub_importe` decimal(10,2) DEFAULT NULL,
  PRIMARY KEY (`idventas_lines`)
) ENGINE=InnoDB AUTO_INCREMENT=211 DEFAULT CHARSET=utf8;
/*!40101 SET character_set_client = @saved_cs_client */;

--
-- Dumping data for table `ventas_lines`
--

LOCK TABLES `ventas_lines` WRITE;
/*!40000 ALTER TABLE `ventas_lines` DISABLE KEYS */;
INSERT INTO `ventas_lines` VALUES (00000000001,00000000012,00000000002,NULL,1,1500.67,1500.67),(00000000002,00000000012,00000000001,NULL,1,2499.90,1500.67),(00000000003,00000000013,00000000002,NULL,1,1500.67,1500.67),(00000000004,00000000014,00000000002,NULL,1,1500.67,1500.67),(00000000005,00000000015,00000000002,NULL,1,1500.67,1500.67),(00000000006,00000000016,00000000001,NULL,1,2499.90,2499.90),(00000000007,00000000016,00000000002,NULL,2,1500.67,3001.34),(00000000008,00000000017,00000000002,NULL,1,1500.67,1500.67),(00000000009,00000000018,00000000002,NULL,1,1500.67,1500.67),(00000000010,00000000019,00000000001,NULL,1,2499.90,2499.90),(00000000011,00000000020,00000000001,NULL,1,2499.90,2499.90),(00000000012,00000000021,00000000002,NULL,1,1500.67,1500.67),(00000000013,00000000022,00000000001,NULL,1,2499.90,2499.90),(00000000014,00000000023,00000000001,NULL,2,2499.90,4999.80),(00000000015,00000000024,00000000001,NULL,2,2499.90,4999.80),(00000000016,00000000025,00000000001,NULL,1,2499.90,2499.90),(00000000017,00000000025,00000000001,NULL,2,2499.90,4999.80),(00000000018,00000000025,00000000001,NULL,2,2499.90,4999.80),(00000000019,00000000026,00000000005,NULL,2,4.00,8.00),(00000000020,00000000026,00000000005,NULL,2,4.00,8.00),(00000000021,00000000026,00000000005,NULL,2,4.00,8.00),(00000000022,00000000027,00000000005,NULL,1,4.00,4.00),(00000000023,00000000027,00000000005,NULL,2,4.00,8.00),(00000000024,00000000028,00000000002,NULL,1,1500.67,1500.67),(00000000025,00000000028,00000000002,NULL,1,1500.67,1500.67),(00000000026,00000000029,00000000018,NULL,10,123.00,1230.00),(00000000027,00000000029,00000000006,NULL,5,41.00,205.00),(00000000028,00000000029,00000000018,NULL,10,123.00,1230.00),(00000000029,00000000029,00000000006,NULL,27,41.00,1107.00),(00000000030,00000000030,00000000019,NULL,1,12.00,12.00),(00000000031,00000000031,00000000021,NULL,1,160.00,160.00),(00000000032,00000000031,00000000002,NULL,1,1500.67,160.00),(00000000033,00000000032,00000000004,NULL,1,5.66,5.66),(00000000034,00000000033,00000000005,NULL,1,4.00,4.00),(00000000035,00000000034,00000000018,NULL,2,123.00,246.00),(00000000036,00000000035,NULL,'000001',1,12.00,12.00),(00000000037,00000000036,NULL,'000001',2,12.00,24.00),(00000000038,00000000037,NULL,'000002',1,15.00,15.00),(00000000039,00000000037,NULL,'000002',1,15.00,15.00),(00000000040,00000000038,NULL,'000004',1,12.00,12.00),(00000000041,00000000039,NULL,'000005',2,15.00,30.00),(00000000042,00000000040,NULL,'000005',1,15.00,15.00),(00000000043,00000000041,NULL,'000001',3,12.00,36.00),(00000000044,00000000041,NULL,'000001',1,12.00,12.00),(00000000045,00000000041,NULL,'000001',4,12.00,48.00),(00000000046,00000000041,NULL,'000001',1,12.00,12.00),(00000000047,00000000041,NULL,'000001',2,12.00,0.00),(00000000048,00000000041,NULL,'000001',3,12.00,0.00),(00000000049,00000000041,NULL,'000001',1,12.00,0.00),(00000000050,00000000041,NULL,'000001',2,12.00,0.00),(00000000051,00000000041,NULL,'000001',2,12.00,0.00),(00000000052,00000000041,NULL,'000001',1,12.00,0.00),(00000000053,00000000041,NULL,'000001',2,12.00,0.00),(00000000054,00000000041,NULL,'000001',2,12.00,24.00),(00000000055,00000000041,NULL,'000001',1,12.00,12.00),(00000000056,00000000041,NULL,'000001',2,12.00,24.00),(00000000057,00000000041,NULL,'000001',1,12.00,0.00),(00000000058,00000000041,NULL,'000001',2,12.00,0.00),(00000000059,00000000041,NULL,'000001',2,12.00,24.00),(00000000060,00000000041,NULL,'000005',1,15.00,0.00),(00000000061,00000000041,NULL,'000002',1,15.00,15.00),(00000000062,00000000041,NULL,'000001',1,12.00,12.00),(00000000063,00000000041,NULL,'000001',1,12.00,12.00),(00000000064,00000000041,NULL,'000002',1,15.00,15.00),(00000000065,00000000041,NULL,'000001',1,12.00,12.00),(00000000066,00000000041,NULL,'000002',1,15.00,15.00),(00000000067,00000000041,NULL,'000002',2,15.00,30.00),(00000000068,00000000041,NULL,'000002',4,15.00,60.00),(00000000069,00000000041,NULL,'000001',1,12.00,12.00),(00000000070,00000000041,NULL,'000001',1,12.00,12.00),(00000000071,00000000041,NULL,'000002',1,15.00,15.00),(00000000072,00000000041,NULL,'000001',1,12.00,15.00),(00000000073,00000000041,NULL,'000001',1,12.00,15.00),(00000000074,00000000042,NULL,'000001',1,12.00,15.00),(00000000075,00000000043,NULL,'000001',1,12.00,15.00),(00000000076,00000000044,NULL,'000005',1,15.00,12.00),(00000000077,00000000044,NULL,'000001',2,12.00,30.00),(00000000078,00000000045,NULL,'000001',1,12.00,12.00),(00000000079,00000000046,NULL,'000003',1,50.00,50.00),(00000000080,00000000047,NULL,'000003',1,50.00,50.00),(00000000081,00000000047,NULL,'000001',2,12.00,24.00),(00000000082,00000000047,NULL,'000002',5,12.00,60.00),(00000000083,00000000048,NULL,'000001',1,12.00,12.00),(00000000084,00000000048,NULL,'000003',1,50.00,12.00),(00000000085,00000000048,NULL,'000004',2,12.00,24.00),(00000000086,00000000049,NULL,'000001',1,12.00,12.00),(00000000087,00000000049,NULL,'000003',1,50.00,12.00),(00000000088,00000000050,NULL,'000004',1,12.00,12.00),(00000000089,00000000050,NULL,'000001',1,12.00,12.00),(00000000090,00000000050,NULL,'000003',1,50.00,12.00),(00000000091,00000000050,NULL,'000002',10,15.00,150.00),(00000000092,00000000050,NULL,'000002',10,15.00,150.00),(00000000093,00000000051,NULL,'000002',1,15.00,15.00),(00000000094,00000000051,NULL,'000002',2,15.00,30.00),(00000000095,00000000052,NULL,'000002',1,15.00,15.00),(00000000096,00000000052,NULL,'000001',2,12.00,24.00),(00000000097,00000000053,NULL,'000005',2,15.00,30.00),(00000000098,00000000053,NULL,'000003',2,50.00,30.00),(00000000099,00000000054,NULL,'000002',1,15.00,15.00),(00000000100,00000000054,NULL,'000001',2,12.00,24.00),(00000000101,00000000054,NULL,'000003',2,50.00,24.00),(00000000102,00000000055,NULL,'000001',1,12.00,12.00),(00000000103,00000000055,NULL,'000002',2,15.00,30.00),(00000000104,00000000056,NULL,'000001',3,12.00,36.00),(00000000105,00000000056,NULL,'000002',1,15.00,15.00),(00000000106,00000000056,NULL,'000003',1,50.00,15.00),(00000000107,00000000056,NULL,'000001',1,12.00,15.00),(00000000108,00000000057,NULL,'000004',1,12.00,12.00),(00000000109,00000000057,NULL,'000004',1,12.00,12.00),(00000000110,00000000057,NULL,'000004',1,12.00,12.00),(00000000111,00000000058,NULL,'000005',2,15.00,30.00),(00000000112,00000000059,NULL,'000002',1,15.00,15.00),(00000000113,00000000059,NULL,'000002',1,15.00,15.00),(00000000114,00000000061,NULL,'000002',2,15.00,30.00),(00000000115,00000000061,NULL,'000001',1,12.00,12.00),(00000000116,00000000062,NULL,'000002',1,15.00,15.00),(00000000117,00000000062,NULL,'000002',2,15.00,30.00),(00000000118,00000000062,NULL,'000002',3,15.00,45.00),(00000000119,00000000062,NULL,'000002',4,15.00,60.00),(00000000120,00000000063,NULL,'000001',1,12.00,12.00),(00000000121,00000000063,NULL,'000002',2,15.00,30.00),(00000000122,00000000063,NULL,'000005',1,15.00,15.00),(00000000123,00000000063,NULL,'000003',4,50.00,200.00),(00000000124,00000000064,NULL,'000002',3,15.00,45.00),(00000000125,00000000064,NULL,'000001',1,12.00,12.00),(00000000126,00000000065,NULL,'000006',2,12.00,24.00),(00000000127,00000000065,NULL,'000003',2,7.00,14.00),(00000000128,00000000066,NULL,'000005',2,15.00,30.00),(00000000129,00000000066,NULL,'000003',1,7.00,7.00),(00000000130,00000000067,NULL,'000009',1,14.00,14.00),(00000000131,00000000067,NULL,'000009',2,14.00,28.00),(00000000132,00000000067,NULL,'000009',3,14.00,42.00),(00000000133,00000000067,NULL,'000003',1,7.00,7.00),(00000000134,00000000068,NULL,'000002',2,15.00,30.00),(00000000135,00000000068,NULL,'000002',2,15.00,30.00),(00000000136,00000000068,NULL,'000002',2,15.00,30.00),(00000000137,00000000068,NULL,'000002',2,15.00,30.00),(00000000138,00000000068,NULL,'000002',1,15.00,15.00),(00000000139,00000000068,NULL,'000002',2,15.00,30.00),(00000000140,00000000068,NULL,'000002',3,15.00,45.00),(00000000141,00000000068,NULL,'000002',4,15.00,60.00),(00000000142,00000000069,NULL,'000002',1,15.00,15.00),(00000000143,00000000069,NULL,'000002',1,15.00,15.00),(00000000144,00000000069,NULL,'000002',1,15.00,15.00),(00000000145,00000000069,NULL,'000002',1,15.00,15.00),(00000000146,00000000070,NULL,'000002',1,15.00,15.00),(00000000147,00000000071,NULL,'000002',1,15.00,15.00),(00000000148,00000000072,NULL,'000001',1,12.00,12.00),(00000000149,00000000073,NULL,'000004',1,12.00,12.00),(00000000150,00000000074,NULL,'000003',1,7.00,7.00),(00000000151,00000000075,NULL,'000003',1,7.00,7.00),(00000000152,00000000075,NULL,'000003',2,7.00,14.00),(00000000153,00000000076,NULL,'000002',1,15.00,15.00),(00000000154,00000000076,NULL,'000002',2,15.00,30.00),(00000000155,00000000077,NULL,'000001',2,12.00,24.00),(00000000156,00000000077,NULL,'000003',1,7.00,7.00),(00000000170,00000000084,00000000019,'',1,12.00,12.00),(00000000171,00000000084,00000000001,'',1,2499.90,2499.90),(00000000172,00000000085,00000000025,'',1,500.00,500.00),(00000000173,00000000086,00000000021,'',1,160.00,160.00),(00000000174,00000000087,00000000025,'',1,500.00,500.00),(00000000175,00000000088,00000000025,'',1,500.00,500.00),(00000000176,00000000089,00000000019,'',1,12.00,12.00),(00000000177,00000000090,00000000019,'',1,12.00,12.00),(00000000178,00000000091,00000000019,'',1,12.00,12.00),(00000000184,00000000097,00000000024,NULL,1,23.00,23.00),(00000000185,00000000097,NULL,'Servicio de Reparacion',NULL,NULL,21.00),(00000000186,00000000100,00000000025,NULL,1,500.00,500.00),(00000000187,00000000100,NULL,'SADAKSMDAKSDMASDA',NULL,NULL,50.00),(00000000188,00000000100,00000000006,NULL,1,41.00,41.00),(00000000189,00000000101,00000000024,NULL,1,23.00,23.00),(00000000190,00000000102,00000000024,NULL,1,23.00,23.00),(00000000191,00000000102,00000000021,NULL,1,160.00,160.00),(00000000192,00000000103,00000000021,NULL,1,160.00,160.00),(00000000193,00000000104,00000000021,NULL,1,160.00,160.00),(00000000194,00000000104,00000000025,NULL,1,500.00,500.00),(00000000195,00000000105,00000000002,NULL,1,1400.67,1500.67),(00000000196,00000000106,00000000021,NULL,1,160.00,160.00),(00000000197,00000000106,00000000002,NULL,1,1500.67,1500.67),(00000000198,00000000107,00000000024,NULL,1,23.00,23.00),(00000000199,00000000108,00000000024,NULL,1,23.00,23.00),(00000000200,00000000109,00000000021,NULL,1,160.00,160.00),(00000000201,00000000110,00000000002,NULL,1,1500.67,1500.67),(00000000202,00000000111,00000000024,NULL,1,23.00,23.00),(00000000203,00000000112,00000000025,NULL,2,500.00,1000.00),(00000000204,00000000113,00000000024,NULL,2,23.00,46.00),(00000000205,00000000114,00000000025,NULL,1,500.00,500.00),(00000000206,00000000115,00000000028,NULL,4,65.00,260.00),(00000000207,00000000116,00000000029,NULL,5,65.00,325.00),(00000000208,00000000117,00000000025,NULL,1,500.00,500.00),(00000000209,00000000117,00000000028,NULL,1,65.00,65.00),(00000000210,00000000118,00000000029,NULL,1,65.00,65.00);
/*!40000 ALTER TABLE `ventas_lines` ENABLE KEYS */;
UNLOCK TABLES;
/*!40103 SET TIME_ZONE=@OLD_TIME_ZONE */;

/*!40101 SET SQL_MODE=@OLD_SQL_MODE */;
/*!40014 SET FOREIGN_KEY_CHECKS=@OLD_FOREIGN_KEY_CHECKS */;
/*!40014 SET UNIQUE_CHECKS=@OLD_UNIQUE_CHECKS */;
/*!40101 SET CHARACTER_SET_CLIENT=@OLD_CHARACTER_SET_CLIENT */;
/*!40101 SET CHARACTER_SET_RESULTS=@OLD_CHARACTER_SET_RESULTS */;
/*!40101 SET COLLATION_CONNECTION=@OLD_COLLATION_CONNECTION */;
/*!40111 SET SQL_NOTES=@OLD_SQL_NOTES */;

-- Dump completed on 2021-08-05 23:00:26
